 ,            Df, Sum Sq, Mean Sq, F value, Pr(>F)
HDL,           1,  0.026, 0.02609,   0.291,  0.590
LDL,           1,  0.081, 0.08098,   0.904,  0.343
HDL:LDL,       1,  0.103, 0.10303,   1.150,  0.285
Residuals,   187, 16.756, 0.08960,               
