,             Df, Sum Sq, Mean Sq, F value, Pr(>F)
HDL,           1,  0.002, 0.00154,   0.013,  0.909
LDL,           1,  0.256, 0.25634,   2.207,  0.140
HDL:LDL,       1,  0.023, 0.02272,   0.196,  0.659
Residuals,   109, 12.662, 0.11616,               
