,             Df, Sum Sq, Mean Sq, F value, Pr(>F)
HDL,           1,  0.018, 0.01835,   0.190,  0.664
LDL,           1,  0.151, 0.15078,   1.560,  0.214
HDL:LDL,       1,  0.012, 0.01185,   0.123,  0.727
Residuals,   120, 11.599, 0.09666,               
