,             Df, Sum Sq, Mean Sq, F value, Pr(>F)
HDL,           1,  0.007, 0.00717,   0.087,  0.768
LDL,           1,  0.057, 0.05681,   0.690,  0.407
HDL:LDL,       1,  0.084, 0.08372,   1.017,  0.314
Residuals,   188, 15.472, 0.08230               
